GROUP,PACKAGE,CLASS,INSTRUCTION_MISSED,INSTRUCTION_COVERED,BRANCH_MISSED,BRANCH_COVERED,LINE_MISSED,LINE_COVERED,COMPLEXITY_MISSED,COMPLEXITY_COVERED,METHOD_MISSED,METHOD_COVERED
expresofast,cr.ac.ucr.paraiso.ie.c5l811.expresofast.business,VehiculoService,95,0,2,0,21,0,8,0,7,0
expresofast,cr.ac.ucr.paraiso.ie.c5l811.expresofast.business,EnvioService,74,211,7,7,10,45,12,9,6,8
expresofast,cr.ac.ucr.paraiso.ie.c5l811.expresofast.business,AuthService,0,59,0,0,0,18,0,3,0,3
expresofast,cr.ac.ucr.paraiso.ie.c5l811.expresofast.domain,BitacoraEnvio,25,27,0,0,9,13,8,7,8,7
expresofast,cr.ac.ucr.paraiso.ie.c5l811.expresofast.domain,Vehiculo,28,10,0,0,12,4,8,3,8,3
expresofast,cr.ac.ucr.paraiso.ie.c5l811.expresofast.domain,EmpresaLogistica,17,0,0,0,7,0,5,0,5,0
expresofast,cr.ac.ucr.paraiso.ie.c5l811.expresofast.domain,Conductor,7,10,0,0,3,4,2,3,2,3
expresofast,cr.ac.ucr.paraiso.ie.c5l811.expresofast.domain,Usuario,21,36,0,0,9,14,6,9,6,9
expresofast,cr.ac.ucr.paraiso.ie.c5l811.expresofast.domain,Envio,0,59,0,0,0,25,0,17,0,17
expresofast,cr.ac.ucr.paraiso.ie.c5l811.expresofast.domain,Rol,7,10,0,0,3,4,2,3,2,3
expresofast,cr.ac.ucr.paraiso.ie.c5l811.expresofast.security,SecurityConfig,217,49,0,0,18,13,5,4,5,4
expresofast,cr.ac.ucr.paraiso.ie.c5l811.expresofast.security,JwtTokenProvider,0,75,0,0,0,32,0,5,0,5
expresofast,cr.ac.ucr.paraiso.ie.c5l811.expresofast.security,JwtAuthenticationFilter,0,65,2,6,0,16,2,4,0,2
expresofast,cr.ac.ucr.paraiso.ie.c5l811.expresofast.security,CustomUserDetailsService,0,50,0,2,0,10,0,5,0,4
expresofast,cr.ac.ucr.paraiso.ie.c5l811.expresofast,GenerarPassword,22,0,0,0,7,0,2,0,2,0
expresofast,cr.ac.ucr.paraiso.ie.c5l811.expresofast,ExpresoFastApplication,5,3,0,0,2,1,1,1,1,1
expresofast,cr.ac.ucr.paraiso.ie.c5l811.expresofast.controller,AuthController,0,11,0,0,0,4,0,2,0,2
expresofast,cr.ac.ucr.paraiso.ie.c5l811.expresofast.controller,EnvioController,8,26,0,0,2,7,2,5,2,5
expresofast,cr.ac.ucr.paraiso.ie.c5l811.expresofast.controller,VehiculoController,20,0,0,0,6,0,4,0,4,0
expresofast,cr.ac.ucr.paraiso.ie.c5l811.expresofast.config,WebConfig,0,51,0,0,0,7,0,2,0,2
expresofast,cr.ac.ucr.paraiso.ie.c5l811.expresofast.exception,ResourceNotFoundException,0,4,0,0,0,2,0,1,0,1
expresofast,cr.ac.ucr.paraiso.ie.c5l811.expresofast.exception,GlobalExceptionHandler,143,36,18,0,29,5,16,4,7,4
expresofast,cr.ac.ucr.paraiso.ie.c5l811.expresofast.exception,InvalidStateTransitionException,0,4,0,0,0,2,0,1,0,1
expresofast,cr.ac.ucr.paraiso.ie.c5l811.expresofast.dto,AuthRequestDTO,0,9,0,0,0,1,0,1,0,1
expresofast,cr.ac.ucr.paraiso.ie.c5l811.expresofast.dto,CambioEstadoDTO,0,9,0,0,0,1,0,1,0,1
expresofast,cr.ac.ucr.paraiso.ie.c5l811.expresofast.dto,EnvioResponseDTO,0,27,0,0,0,1,0,1,0,1
expresofast,cr.ac.ucr.paraiso.ie.c5l811.expresofast.dto,VehiculoResponseDTO,18,0,0,0,1,0,1,0,1,0
expresofast,cr.ac.ucr.paraiso.ie.c5l811.expresofast.dto,EnvioRequestDTO,0,21,0,0,0,1,0,1,0,1
expresofast,cr.ac.ucr.paraiso.ie.c5l811.expresofast.dto,AuthResponseDTO,0,15,0,0,0,1,0,1,0,1
expresofast,cr.ac.ucr.paraiso.ie.c5l811.expresofast.dto,BitacoraResponseDTO,0,21,0,0,0,1,0,1,0,1
expresofast,cr.ac.ucr.paraiso.ie.c5l811.expresofast.dto,VehiculoRequestDTO,12,0,0,0,1,0,1,0,1,0
